﻿pos_x,pos_y,rotation,side,designator,mpn,pack,value,mount_type,place
118.35,-70.97,180.0,top,BT101,,BU2450SM-JJ-GTR_MPD,BU2450SM,smt,True
96.5,-44.58,0.0,top,H101,,MountingHole_4.8mm_bdash,MountingHole,tht,True
140.3,-44.58,0.0,top,H102,,MountingHole_4.8mm_bdash,MountingHole,tht,True
96.5,-157.88,0.0,top,H103,,MountingHole_4.8mm_bdash,MountingHole,tht,True
140.3,-157.88,0.0,top,H104,,MountingHole_4.8mm_bdash,MountingHole,tht,True
113.27,-44.51,0.0,top,J101,,Molex_SL_171971-0005_1x05_P2.54mm_Vertical,Conn_01x05,tht,True
111.85,-48.24,0.0,top,kibuzzard-65B0A4DC,,kibuzzard-65B0A4DC,G***,tht,False
124.49,-48.24,0.0,top,kibuzzard-65B0A4FA,,kibuzzard-65B0A4FA,G***,tht,False
